Ereignisse;;;;;;;;;;;;;;;;;;;;;;;
id;category;title;description;phase;year;Gewichtung;moneyChange;zeitsteinChange;bildungUndKarriereChange;sozialesUndFreizeitChange;modifierId1;"modifierValue1percentage";modifierId2;modifierValue2;modifierId3;modifierValue3;prerequisiteCardId;prerequisiteStatusId1;prerequisiteStatusId2;;;;
e1;BILDUNG_UND_KARRIERE;Teilnahme Coaching-Seminaren;Glückwunsch! Deine Teilnahme an Coaching-Seminaren zahlt sich aus: Du gewinnst bei einem Wettbewerb für junge Führungskräfte den ersten Platz und erhältst eine Finanzspritze für dein erstes Start-up.;1;1;;5000;;;;;;;;;;;;;;;;
e2;BILDUNG_UND_KARRIERE;Auszeichnung;Herzlichen Glückwunsch! Deine Bewerbung für die Auszeichnung besonderer Prüfungsleistungen war erfolgreich.;1;1;;;;1;;;;;;;;;;;;;;
e3;BILDUNG_UND_KARRIERE;Neue Liebe;Du bist verliebt und vernachlässigst dadurch deine (Lern-)Pflichten. Alles wieder aufzuholen kostet viel Zeit.;1;1;;;-1;;;;;;;;;;;;;;;
e4;BILDUNG_UND_KARRIERE;Work-Life-Balance;Du hast die optimale Mitte gefunden. Es eröffnen sich zahlreiche neue Möglichkeiten.;1;1;;;;1;;;;;;;;;;;;;;
e5;BILDUNG_UND_KARRIERE;Kurzarbeit;Die wirtschaftliche Lage ist angespannt, und es kommt zu Kurzarbeit. Dein Jahresgehalt (brutto) passt sich der Kurzarbeit an.;1;1;;;;;;GEHALT;80;;;;;;HAS_JOB;;;;;
e6;BILDUNG_UND_KARRIERE;Beförderung;Du wirst befördert – dein Jahresgehalt (brutto) wird entsprechend angepasst.;1;1;;;-1;1;;GEHALT;120;;;;;;HAS_JOB;;;;;
e7;BILDUNG_UND_KARRIERE;Lohnerhöhung;Die Gehaltsverhandlungen mit deinen Vorgesetzten liefen sehr gut und du erhälst für dieses Jahr mehr Jahresgehalt (brutto). ;1;2;;;;;;GEHALT;120;;;;;;HAS_JOB;;;;;
e8;BILDUNG_UND_KARRIERE;Beziehungskrise;Du streitest dich nur noch mit deiner Partnerin und findest deshalb keine Zeit für die Hausarbeit. Den entstandenen Rückstand aufzuholen, kostet viel Zeit.;1;1;4;;-1;;;;;;;;;e142;;;;;;
e9;BILDUNG_UND_KARRIERE;Neue Wohnung;Du ziehst um. Aufgrund des Umzugstresses vernachlässigst du deine anderen Verpflichtungen.;1;2;;;-1;;;;;;;;;;;;;;;
e10;BILDUNG_UND_KARRIERE;Stress;Der Druck setzt dir zu, und du schläfst nicht genug. Deshalb nimmst du dir eine Auszeit. ;1;1;;;-1;;;;;;;;;;;;;;;
e11;BILDUNG_UND_KARRIERE;Kündigung;Du hast dich mit deinem gesamten Kollegium zerstritten. Aus Frust kündigst du unüberlegt deinen Job und erhältst dieses Jahr kein Einkommen mehr.;1;2;;;1;;;JOBVERLUST;;;;;;;HAS_JOB;;;;;
e12;BILDUNG_UND_KARRIERE;Weiterbildung;Dank deiner erfolgreichen Studienleistungen stehen dir spezialisierte Weiterbildungen offen. Du nutzt diese Möglichkeit, um dich gezielt weiterzubilden.;1;1;4;-8000;;2;;;;;;;;j2;HAS_JOB;;;"währendStudium";;
e13;BILDUNG_UND_KARRIERE;Auszeichnung;Dein Ausbildungsbetrieb empfiehlt dich für die Auszeichnung „Junge Talente“. Kurz darauf wirst du informiert, dass du die Auszeichnung erhalten hast.;1;1;4;500;;;;;;;;;;j3;HAS_JOB;;;"währendAusbildung";;
e14;BILDUNG_UND_KARRIERE;Auszeichnung;Deine Ausbildungsarbeit wurde mit einer überregionalen Auszeichnung bedacht.;1;1;4;1500;;;;;;;;;;j3;HAS_JOB;;;"währendAusbildung";;
e15;BILDUNG_UND_KARRIERE;Auszeichnung;Für deine Seminararbeit erhältst du einen Fachpreis, der dir in deinem Bereich besondere Sichtbarkeit verschafft.;1;1;4;1000;;;;;;;;;;j2;HAS_JOB;;;"währendStudium";;
e16;BILDUNG_UND_KARRIERE;Auszeichnung;Ein während deines Studiums gestartetes Projekt setzt sich nach dem Abschluss fort und erhält eine Förderauszeichnung.;1;1;4;1500;;;;;;;;;;j2;HAS_JOB;;;"währendStudium";;
e17;BILDUNG_UND_KARRIERE;Auslandsstipendium;Aufgrund deiner guten Noten im Studium qualifizierst du dich für ein Auslandsstipendium und kannst so berufliche Entwicklung mit internationaler Erfahrung verbinden.;1;1;4;3000;;1;;;;;;;;j2;HAS_JOB;;;"währendStudium";;
e18;BILDUNG_UND_KARRIERE;Stipendium;Deine sehr guten Leistungen im Studium werden mit einem Stipendium honoriert, das dich finanziell entlastet und dein Profil weiter aufwertet.;1;1;4;3000;;;;;;;;;;j2;HAS_JOB;;;"währendStudium";;
e19;BILDUNG_UND_KARRIERE;Arbeitszeitverkürzung;Du entscheidest dich, dich privat weiterzubilden und startest eine Abendschule. Damit du mehr Zeit zum Lernen hast, reduzierst du für dieses Jahr deine Arbeitszeit.;1;2;;;;1;;;;;;;;;HAS_JOB;;;;;
e20;BILDUNG_UND_KARRIERE;Kurzarbeit;Die wirtschaftliche Lage ist angespannt, und es kommt zu Kurzarbeit. Dein Jahresgehalt (brutto) passt sich der Kurzarbeit an.;1;2;;;;;;GEHALT;60;;;;;;HAS_JOB;;;;;
e21;BILDUNG_UND_KARRIERE;Arbeitszeitverkürzung;Um dich fachlich zu spezialisieren, machst du eine mehrmonatige Weiterbildung und reduzierst dafür dieses Jahr deine Arbeitszeit. Dein Jahresgehalt (brutto) wird entsprechend gekürzt.;1;1;;;;1;;GEHALT;50;;;;;;HAS_JOB;;;;;
e22;BILDUNG_UND_KARRIERE;Prämie;Deine Vorgesetzten sind stolz auf dich. Du hast dich in den letzten Monaten enorm weiterentwickelt. Aufgrund deiner starken Leistungen steigerte sich der Umsatz. Dies wird mit einer Prämie belohnt.;1;1;;3000;;;;GEHALT;50;;;;;;HAS_JOB;;;;;
e23;BILDUNG_UND_KARRIERE;Weihnachten;"Weihnachten steht vor der Tür. Deine Teamleitung überrascht dich mit einem extra großen Weihnachtsgeld, da das Geschäftsjahr besonders gut ausfiel.";1;2;;5000;;;;;;;;;;;HAS_JOB;;;;;
e24;BILDUNG_UND_KARRIERE;Weiterbildung;Du entscheidest dich für eine achtmonatige berufsbegleitende Weiterbildung und reduzierst dafür deine Arbeitszeit. ;1;1;;;;2;;;;;;;;;HAS_JOB;;;;;
e25;BILDUNG_UND_KARRIERE;Leadership-Seminare;Deine Teamleitung erkennt dein Potenzial. Zweimal im Monat besuchst du ein Leadership-Seminar und bekommst dein eigenes Team, um das Gelernte umzusetzen. ;1;2;;;;1;;GEHALT;130;;;;;;HAS_JOB;;;;;
e26;BILDUNG_UND_KARRIERE;"Mit Vitamin B die Karriere ankurbeln";Dein Onkel lässt seine Beziehungen spielen, und du erhältst eine Beförderung.;1;1;;;;1;;;;;;;;;HAS_JOB;;;;;
e27;BILDUNG_UND_KARRIERE;Jobverlust;Die wirtschaftliche Lage ist angespannt und und es kommt zu zahlreichen Entlassungen. Auch du bist betroffen und wirst entlassen. ;1;2;;;;;;JOBVERLUST;;;;;;;HAS_JOB;;;;;
e28;SOZIALES_UND_FREIZEIT;Trennung;Deine Partnerin beendet die Beziehung mit dir. Du fällst tief in ein Loch. Du musst eine Runde aussetzen.;1;1;;;;;;AUSSETZEN;;;;;;;;;;;;
e29;BILDUNG_UND_KARRIERE;Betriebliche Weihnachtsfeier;Bei einer betrieblichen Weihnachtsfeier hast du etwas zu tief ins Glas geschaut und streng geheime interne Beschlüsse weitergegeben. Das hat fatale Folgen und kostet dich deinen Job.;1;2;;;;-1;;JOBVERLUST;;;;;;;HAS_JOB;;;;;
e30;BILDUNG_UND_KARRIERE;Mentoring-Programm;Du wirst in ein Mentoring-Programm aufgenommen, in dem erfahrene Fachkräfte dich bei deiner weiteren beruflichen Entwicklung unterstützen.;1;1;4;;;1;;;;;;;;j3;HAS_JOB;;;"währendAusbildung";;
e31;BILDUNG_UND_KARRIERE;Fachverband;Du wirst Mitglied in einem Fachverband, der junge Fachkräfte unterstützt und dir Zugang zu exklusiven Job- und Weiterbildungsangeboten ermöglicht.;1;1;4;;;1;;;;;;;;j3;HAS_JOB;;;"währendAusbildung";;
e32;BILDUNG_UND_KARRIERE;Fachtagung;Du erhältst eine Einladung zur Teilnahme an einer Fachtagung, bei der du dich mit anderen erfolgreichen Auszubildenden vernetzen kannst.;2;;4;;;1;;;;;;;;j3;HAS_JOB;;;"währendAusbildung";;
e33;BILDUNG_UND_KARRIERE;Nachwuchsforum;"Du erhältst eine Einladung zur Teilnahme an einem speziellen Nachwuchsforum für Fachkräfte in deinem Ausbildungsberuf.";1;1;4;;;1;;;;;;;;j3;HAS_JOB;;;"währendAusbildung";;
e34;BILDUNG_UND_KARRIERE;Talentförderprogramm;Du wirst in ein hochkarätiges Talentförderprogramm aufgenommen und knüpfst dabei wertvolle Kontakte für deine zukünftige Karriere.;1;1;4;;;1;;;;;;;;j2;HAS_JOB;;;"währendStudium";;
e35;BILDUNG_UND_KARRIERE;Konferenz;Du nimmst an der Young Professional-Konferenz teil, präsentierst dort deine Expertise und beeindruckst Arbeitgeber unmittelbar im direkten Austausch.;1;1;4;;;1;;;;;;;;j2;HAS_JOB;;;"währendStudium";;
e36;BILDUNG_UND_KARRIERE;Alumni-Netzwerk;Du wirst in das Alumni-Netzwerk deiner Universität aufgenommen. Dadurch profitierst du auch zukünftig von exklusiven Veranstaltungen und Karrieremöglichkeiten.;1;1;4;;;1;;;;;;;;j2;HAS_JOB;;;"währendStudium";;
e37;BILDUNG_UND_KARRIERE;Elite-Internat;Du schickst dein Kind auf ein Elite-Internat, um die beruflichen Chancen zu verbessern. Gleichzeitig knüpfst du bei deinen Besuchen wertvolle Kontakte zu Eltern aus aller Welt.;2;;4;-30000;;1;;;;;;;;;HAS_CHILD;;;;;
e38;BILDUNG_UND_KARRIERE;Weiterbildung;Vertiefe deine betriebswirtschaftlichen Kenntnisse durch ein weiterführendes Studium.;2;;4;-20000;-1;2;;;;;;;;j2;;;;"Studiumabgeschlossen";;
e39;BILDUNG_UND_KARRIERE;Streit Kollegium;Du hast dich mit deinem gesamten Kollegium zerstritten. Aus Frust nimmst du dir zunächst vier Wochen unbezahlten Urlaub.;2;;;-3100;;;;;;;;;;;HAS_JOB;;;;;
e40;BILDUNG_UND_KARRIERE;Workshop;Ein Unternehmen wird auf deine Forschung aufmerksam und lädt dich zu einem exklusiven Workshop zum Thema Innovation ein.;2;;4;;;1;;;;;;;;j49;HAS_JOB;;;"währendPromotion";;
e41;BILDUNG_UND_KARRIERE;Forschungsakademie;Du wirst durch eine Forschungsakademie zusätzlich gefördert – mit Reisekosten, Mentoring oder Soft-Skill-Trainings.;2;;4;3000;;1;;;;;;;;j49;HAS_JOB;;;"währendPromotion";;
e42;BILDUNG_UND_KARRIERE;Auszeichnung;Dein Forschungsartikel erhält einen internationalen Preis – eine bedeutende Würdigung deiner wissenschaftlichen Arbeit.;2;;4;5000;;;;;;;;;;j49;HAS_JOB;;;"währendPromotion";;
e43;BILDUNG_UND_KARRIERE;Lehrauftrag;Aufgrund deiner Promotion erhältst du einen speziellen Lehrauftrag an deiner Universität.;2;;4;6000;;;;;;;;;;j49;HAS_JOB;;;"währendPromotion";;
e44;BILDUNG_UND_KARRIERE;Auszeichnung;Herzlichen Glückwunsch! Deine Bewerbung für eine Auszeichnung wegen herausragender Prüfungsleistungen wurde angenommen, und du bekommst nachträglich einen Teil deiner BAFöG-Ausgaben erstattet.;2;;4;8000;;1;;;;;;;;j2;HAS_JOB;;;Studium;;
e45;BILDUNG_UND_KARRIERE;Arbeitszeitverkürzung;Du spürst, wie sehr dich dein Job mental belastet. Deshalb reduzierst du dieses Jahr deine Arbeitszeit, um Stress vorzubeugen. Dein Jahresgehalt (brutto) wird entsprechend angepasst.;2;;;;;;;;;;;;;;HAS_JOB;;;;;
e46;BILDUNG_UND_KARRIERE;Arbeitszeitverkürzung;Du hast eine kreative Idee, die du endlich umsetzen willst. Um daran zu arbeiten, reduzierst du dieses Jahr deine Arbeitszeit. Dein Jahresgehalt (brutto) wird entsprechend gekürzt.;2;;;;;1;;GEHALT;80;;;;;;HAS_JOB;;;;;
e47;BILDUNG_UND_KARRIERE;Kurzarbeit;Die wirtschaftliche Lage ist angespannt, und es kommt zu Kurzarbeit. Dein Jahresgehalt (brutto) passt sich der Kurzarbeit an.;2;;;;;;;GEHALT;70;;;;;;HAS_JOB;;;;;
e48;BILDUNG_UND_KARRIERE;Arbeitszeitverkürzung;Du planst deine Selbstständigkeit und brauchst dafür mehr Zeit. Deshalb reduzierst du in diesem Jahr deine Arbeitszeit und baust dein Unternehmen bei reduziertem Jahresgehalt (brutto) auf.;2;;;;;1;;GEHALT;60;;;;;;HAS_JOB;;;;;
e49;BILDUNG_UND_KARRIERE;Kurzarbeit;Die wirtschaftliche Lage ist angespannt, und es kommt zu Kurzarbeit. Dein Jahresgehalt (brutto) passt sich der Kurzarbeit an.;2;;;;;;;GEHALT;60;;;;;;HAS_JOB;;;;;
e50;BILDUNG_UND_KARRIERE;Arbeitszeitverkürzung;Du planst eine berufliche Neuorientierung und besuchst dafür eine Umschulung. Um genug Zeit dafür zu haben, reduzierst du deine Arbeitszeit. Dein Jahresgehalt (brutto) wird entsprechend angepasst.;2;;;5000;;1;;GEHALT;50;;;;;;HAS_JOB;;;;;
e51;BILDUNG_UND_KARRIERE;Prämie;Deine Vorgesetzten sind stolz auf dich. Du hast dich in den letzten Monaten enorm weiterentwickelt. Aufgrund deiner starken Leistungen steigerte sich der Umsatz. Dies wird mit einer Prämie belohnt.;2;;;5000;;;;GEHALT;50;;;;;;HAS_JOB;;;;;
e52;BILDUNG_UND_KARRIERE;Beförderung;Du machst deinen Job hervorragend und erhältst eine unerwartete Beförderung für dieses Jahr. ;2;;;;;;;GEHALT;110;;;;;;HAS_JOB;;;;;
e53;BILDUNG_UND_KARRIERE;Ehrenamtliches Engagement;Dein großes Engagement in der Obdachlosenhilfe begeistert den Bürgermeister. Deshalb schlägt er dich für ein Stipendienprogramm vor. Du wirst ausgewählt und erhältst finanzielle Unterstützung.;2;;;12000;;;;;;;;;;;;;;;;
e54;BILDUNG_UND_KARRIERE;Beförderung;Du wirst befördert – dein Jahresgehalt (brutto) passt sich entsprechend an. ;2;;;;-1;1;;GEHALT;120;;;;;;HAS_JOB;;;;;
e55;BILDUNG_UND_KARRIERE;Weiterbildung;Du entscheidest dich für eine achtmonatige berufsbegleitende Weiterbildung und reduzierst dafür deine Arbeitszeit. ;2;;;;;2;;GEHALT;80;;;;;;HAS_JOB;;;;;
e56;BILDUNG_UND_KARRIERE;Kündigung;Du hast dich mit deinem Team zerstritten. Eine Zusammenarbeit ist nicht mehr möglich. Du kündigst und bekommst ab diesem Jahr kein Einkommen mehr.;2;;;;1;;;JOBVERLUST;;;;;;;HAS_JOB;;;;;
e57;BILDUNG_UND_KARRIERE;Work-Life-Balance ;Du hast die optimale Mitte gefunden. Es eröffnen sich zahlreiche neue Möglichkeiten.;2;;;;;1;;;;;;;;;;;;;;
e58;BILDUNG_UND_KARRIERE;Stress;Der Druck setzt dir zu, und du schläfst nicht genug. Deshalb nimmst du dir eine Auszeit. ;2;;;;-1;;;;;;;;;;;;;;;
e59;BILDUNG_UND_KARRIERE;Netzwerk;Bei einem Netzwerktreffen für junge Absolventen baust du dein berufliches Netzwerk aus und knüpfst wertvolle neue Kontakte.;2;;4;;;1;;;;;;;;j3;HAS_JOB;;;Ausbildung;;
e60;BILDUNG_UND_KARRIERE;Talentscout;Schon seit einiger Zeit hast du die Aufmerksamkeit eines Talentscouts auf dich gezogen. Nun erhältst du die einmalige Chance, dich in einem Profifußballclub zu beweisen..;2;;4;;;1;;;;;;;;suf16;;;;;;
e61;BILDUNG_UND_KARRIERE;erkranktes Familienmitglied;In deiner Familie erkrankt eine dir nahestehende Person schwer. Du kümmerst dich um eine geeignete Behandlung und kannst deshalb an einer wichtigen Fortbildung nicht teilnehmen.;2;;;;-1;;;;;;;;;;;;;;;
e62;BILDUNG_UND_KARRIERE;Abschalten smarte Endgeräte;Du schaltest ab 18 Uhr deine smarten Geräte aus, um dich zu konzentrieren. Dadurch verpasst du Investitionschancen und kannst eine Runde nicht investieren.;2;;;;;1;;INVESTITIONSSPERRE;;;;;;;;;;;;
e63;BILDUNG_UND_KARRIERE;Jobverlust;Die wirtschaftliche Lage ist angespannt und und es kommt zu zahlreichen Entlassungen. Auch du bist betroffen und wirst entlassen.;2;;;;;;;JOBVERLUST;;;;;;;HAS_JOB;;;;;
e64;BILDUNG_UND_KARRIERE;Betriebliche Weihnachtsfeier;Bei einer betrieblichen Weihnachtsfeier hast du etwas zu tief ins Glas geschaut und streng geheime interne Beschlüsse weitergegeben. Das hat fatale Folgen und kostet dich deinen Job.;2;;;;;-1;;JOBVERLUST;;;;;;;HAS_JOB;;;;;
e65;BILDUNG_UND_KARRIERE;Publikation;Deine Forschung wird in einer angesehenen Fachzeitschrift veröffentlicht – ein wichtiger Meilenstein in deiner wissenschaftlichen Karriere.;2;;4;;;1;;;;;;;;j49;HAS_JOB;;;"währendPromotion";;
e66;BILDUNG_UND_KARRIERE;Forschungskongress;Du wirst zu einem internationalen Forschungskongress eingeladen, um deine Forschungsergebnisse zu präsentieren und dich mit führenden Wissenschaftlerinnen zu vernetzen.;2;;4;;;1;;;;;;;;j49;HAS_JOB;;;"währendPromotion";;
e67;BILDUNG_UND_KARRIERE;Alumni-Netzwerk;Für deine Promotion wirst du in ein exklusives Fördernetzwerk aufgenommen, das dir langfristig Zugang zu Chancen in Wissenschaft und Praxis eröffnet.;2;;4;;;1;;;;;;;;j49;HAS_JOB;;;"währendPromotion";;
e68;BILDUNG_UND_KARRIERE;Netzwerk;Bei einem Netzwerktreffen für junge Absolventen baust du dein berufliches Netzwerk aus und knüpfst wertvolle neue Kontakte.;2;;4;;;1;;;;;;;;j2;HAS_JOB;;;Studium;;
e69;BILDUNG_UND_KARRIERE;Elite-Internat;Du ermöglichst deinem Kind den Besuch einem privaten Elite-Internat und profitierst selbst: Deine Besuche vor Ort erweitern auch deinen eigenen Horizont.;3;;4;-50000;;1;;;;;;;;;HAS_CHILD;;;;;
e70;BILDUNG_UND_KARRIERE;Streit Kollegium;Du hast dich mit deinem gesamten Kollegium zerstritten. Aus Frust nimmst du dir zunächst vier Wochen unbezahlten Urlaub.;3;;;-9800;;;;;;;;;;;HAS_JOB;;;;;
e71;BILDUNG_UND_KARRIERE;Forschungsnetzwerk;Du wirst in das Forschungsnetzwerk eines Exzellenzclusters aufgenommen und profitierst von der Unterstützung durch Drittmittel sowie vom interdisziplinären Austausch.;3;;4;3500;;1;;;;;;;;j75;HAS_JOB;;;"währendHabilitation";;
e72;BILDUNG_UND_KARRIERE;Auszeichnung;Die Fakultät zeichnet deine Publikationen mit einem Forschungspreis für herausragende wissenschaftliche Leistungen aus.;3;;4;11000;;;;;;;;;;j75;HAS_JOB;;;"währendHabilitation";;
e73;BILDUNG_UND_KARRIERE;Stipendium;Du erhältst ein Habilitations-Stipendium, um deine Forschung zu vertiefen und neue Projekte zu initiieren.;3;;4;22000;;;;;;;;;;j75;HAS_JOB;;;"währendHabilitation";;
e74;BILDUNG_UND_KARRIERE;Arbeitszeitverkürzung;Zur Vorbereitung auf eine Führungsposition nimmst du an einem internen Entwicklungsprogramm teil und reduzierst dafür in diesem Jahr deine Arbeitszeit. Dein Jahresgehalt (brutto) wird entsprechend angepasst.;3;;;;;1;;;;;;;;;HAS_JOB;;;;;
e75;BILDUNG_UND_KARRIERE;Kurzarbeit;Die wirtschaftliche Lage ist angespannt, und es kommt zu Kurzarbeit. Dein Jahresgehalt (brutto) passt sich der Kurzarbeit an.;3;;;;;;;GEHALT;70;;;;;;HAS_JOB;;;;;
e76;BILDUNG_UND_KARRIERE;Prämie;Deine Vorgesetzten sind stolz auf dich. Du hast dich in den letzten Monaten enorm weiterentwickelt. Aufgrund deiner starken Leistungen steigerte sich der Umsatz. Dies wird mit einer Prämie belohnt.;3;;;10000;;;;GEHALT;50;;;;;;HAS_JOB;;;;;
e77;BILDUNG_UND_KARRIERE;Beförderung;Du machst deinen Job hervorragend und erhältst eine unerwartete Beförderung für dieses Jahr. ;3;;;;;;;GEHALT;130;;;;;;HAS_JOB;;;;;
e78;BILDUNG_UND_KARRIERE;Beförderung;Du wirst befördert und dein Jahregsgehalt (brutto) steigert sich entsprechend für dieses Jahr.;3;;;;-1;1;;GEHALT;120;;;;;;HAS_JOB;;;;;
e79;BILDUNG_UND_KARRIERE;Ehrenamtliches Engagement;Dein großes Engagement in dem Flüchtlingsheim begeistert den Bürgermeister. Deshalb schlägt er dich für ein Stipendienprogramm vor. Du wirst ausgewählt und erhältst finanzielle Unterstützung.;3;;;8000;;;;;;;;;;;;;;;;
e80;BILDUNG_UND_KARRIERE;Weiterbildung;Du entscheidest dich für eine achtmonatige berufsbegleitende Weiterbildung und reduzierst dafür deine Arbeitszeit. ;3;;;;;2;;;;;;;;;HAS_JOB;;;;;
e81;BILDUNG_UND_KARRIERE;Stress;Der Druck setzt dir zu, und du schläfst nicht genug. Deshalb nimmst du dir eine Auszeit. ;3;;;;-1;;;GEHALT;70;;;;;;;;;;;
e82;BILDUNG_UND_KARRIERE;Work-Life-Balance;Du hast die optimale Mitte gefunden. Es eröffnen sich zahlreiche neue Möglichkeiten.;3;;;;;1;;;;;;;;;;;;;;
e83;BILDUNG_UND_KARRIERE;Kündigung;Du hast dich mit deinem gesamten Kollegium zerstritten. Aus Frust kündigst du unüberlegt deinen Job und erhältst dieses Jahr kein Einkommen mehr.;3;;;;1;;;JOBVERLUST;;;;;;;HAS_JOB;;;;;
e84;BILDUNG_UND_KARRIERE;Abschalten smarte Endgeräte;Du schaltest ab 18 Uhr deine smarten Geräte aus, um dich zu konzentrieren. Dadurch verpasst du Investitionschancen und kannst eine Runde nicht investieren.;3;;;;;1;;INVESTITIONSSPERRE;;;;;;;;;;;;
e85;BILDUNG_UND_KARRIERE;Auszeichnung;Deine Heimatuniversität ehrt dich für deine außergewöhnlichen Verdienste und dein langjähriges Engagement mit der Verleihung der Ehrendoktorwürde.;3;;4;10000;;1;;;;;;;;j49;;;;"Promotion abgeschlossen";;
e86;BILDUNG_UND_KARRIERE;Kinderbetreuung;Dein Kind hat Schwierigkeiten in der Schule und braucht mehr Aufmerksamkeit von dir. Deshalb verbringst du deine Freizeit nun vermehrt mit deinem Nachwuchs und bildest dich weniger weiter.;3;;;;-1;;;;;;;;;;;;;;;
e87;BILDUNG_UND_KARRIERE;Jobverlust;Die wirtschaftliche Lage ist angespannt und und es kommt zu zahlreichen Entlassungen. Auch du bist betroffen und wirst entlassen. ;3;;;;;;;JOBVERLUST;;;;;;;HAS_JOB;;;;;
e88;BILDUNG_UND_KARRIERE;Betriebliche Weihnachtsfeier;Bei einer betrieblichen Weihnachtsfeier hast du etwas zu tief ins Glas geschaut und streng geheime interne Beschlüsse weitergegeben. Das hat fatale Folgen und kostet dich deinen Job.;3;;;;;-1;;JOBVERLUST;;;;;;;HAS_JOB;;;;;
e89;BILDUNG_UND_KARRIERE;Fachtagung;Du wirst zu einer internationalen Fachtagung eingeladen – ein Förderprogramm übernimmt deine Reise- und Aufenthaltskosten.;3;;4;;;1;;;;;;;;j75;HAS_JOB;;;"währendHabilitation";;
e90;BILDUNG_UND_KARRIERE;Gastprofessur;Du erhältst eine Einladung zu einer Gastprofessur an einer renommierten ausländischen Universität.;3;;4;45000;;1;;;;;;;;j75;HAS_JOB;;;"währendHabilitation";;
e91;BILDUNG_UND_KARRIERE;Fachtagung;Deine Habilitation bringt dir Einladungen zu hochrangigen Fachtagungen, etwa in Akkreditierungskommissionen oder wissenschaftlichen Beiräten.;3;;4;;;1;;;;;;;;j75;HAS_JOB;;;"währendHabilitation";;
e92;BILDUNG_UND_KARRIERE;Berufsunfähigkeitsversicherung;Du bekommst eine chronische Sehnenscheidenentzündung und kannst deinen Beruf nicht mehr ausüben. Mit Berufsunfähigkeitsversicherung erhälst du trotzdem dein Jahresgehalt (brutto). Ab dem neuen Jahr kannst du einen neuen Job beginnen. ;1;1;;;1;;;BERUFSUNFÄHIGKEITSVERSICHERUNG;;;;;;;HAS_JOB;;;;;
e93;BILDUNG_UND_KARRIERE;Berufsunfähigkeitsversicherung;Du hast wegene eines Bandscheibenvorfalls chronische Rückenprobleme und kannst nicht mehr arbeiten. Mit Berufsunfähigkeitsversicherung erhälst du trotzdem dein Jahresgehalt (brutto). Ab dem neuen Jahr kannst du einen neuen Job beginnen. ;1;1;;;1;;;BERUFSUNFÄHIGKEITSVERSICHERUNG;;;;;;;HAS_JOB;;;;;
e94;BILDUNG_UND_KARRIERE;Berufsunfähigkeitsversicherung;Du bekommst chronische Gelenkschmerzen und kannst deinen Beruf nicht mehr ausüben. Mit Berufsunfähigkeitsversicherung erhältst du trotzdem dein Jahresgehalt (brutto). Ab dem neuen Jahr kannst du einen neuen Job beginnen.;1;2;;;1;;;BERUFSUNFÄHIGKEITSVERSICHERUNG;;;;;;;HAS_JOB;;;;;
e95;BILDUNG_UND_KARRIERE;Berufsunfähigkeitsversicherung;Nach einer Krebserkrankung bist du dauerhaft geschwächt und kannst deinem Beruf nicht mehr nachgehen. Mit Berufsunfähigkeitsversicherung bekommst du weiterhin dein Jahresgehalt (brutto). Ab dem neuen Jahr kannst du einen neuen Job starten.;1;2;;;1;;;BERUFSUNFÄHIGKEITSVERSICHERUNG;;;;;;;HAS_JOB;;;;;
e96;BILDUNG_UND_KARRIERE;Berufsunfähigkeitsversicherung;Durch einen schweren Schlaganfall kannst du deinen Beruf nicht mehr ausüben. Mit Berufsunfähigkeitsversicherung erhälst du trotzdem dein Jahresgehalt (brutto). Ab dem neuen Jahr kannst du einen neuen Job beginnen. ;1;3;;;1;;;BERUFSUNFÄHIGKEITSVERSICHERUNG;;;;;;;HAS_JOB;;;;;
e97;BILDUNG_UND_KARRIERE;Berufsunfähigkeitsversicherung;Du leidest unter schweren Depressionen und kannst für dieses Jahr nicht mehr arbeiten. Mit einer Berufsunfähigkeitsversicherung erhältst du trotzdem dein Jahresgehalt (brutto). Ab dem neuen Jahr kannst du einen neuen Job beginnen.;2;;;;1;;;BERUFSUNFÄHIGKEITSVERSICHERUNG;;;;;;;HAS_JOB;;;;;
e98;BILDUNG_UND_KARRIERE;Berufsunfähigkeitsversicherung;Ein Schlaganfall lähmt dich halbseitig, trotz Reha bleibt die Lähmung. Du kannst nicht mehr arbeiten, bekommst mit Berufsunfähigkeitsversicherung aber weiter dein Jahresgehalt (brutto). Ab dem neuen Jahr kannst du einen neuen Job beginnen.;2;;;;1;;;BERUFSUNFÄHIGKEITSVERSICHERUNG;;;;;;;HAS_JOB;;;;;
e99;BILDUNG_UND_KARRIERE;Berufsunfähigkeitsversicherung;"Eine chronische Lungenerkrankung zwingt dich, deinen Beruf aufzugeben. Mit Berufsunfähigkeitsversicherung wird dein Jahresgehalt (brutto) weiterhin gezahlt. Ab dem neuen Jahr kannst du einen neuen Job antreten.";2;;;;1;;;BERUFSUNFÄHIGKEITSVERSICHERUNG;;;;;;;HAS_JOB;;;;;
e100;BILDUNG_UND_KARRIERE;Berufsunfähigkeitsversicherung;"Nach einem schweren Autounfall bist du geistig eingeschränkt und kannst deinem Beruf nicht mehr nachgehen. Deine Berufsunfähigkeitsversicherung sichert dir trotzdem dein Jahresgehalt (brutto). Ab dem neuen Jahr kannst du einen neuen Job beginnen.";2;;;;1;;;BERUFSUNFÄHIGKEITSVERSICHERUNG;;;;;;;HAS_JOB;;;;;
e101;BILDUNG_UND_KARRIERE;Berufsunfähigkeitsversicherung;Du hast eine schwere Herzkrankheit, die dich arbeitsunfähig macht. Mit Berufsunfähigkeitsversicherung erhälst du trotzdem dein Jahresgehalt (brutto). Ab dem neuen Jahr kannst du einen neuen Job beginnen. ;2;;;;1;;;BERUFSUNFÄHIGKEITSVERSICHERUNG;;;;;;;HAS_JOB;;;;;
e102;BILDUNG_UND_KARRIERE;Berufsunfähigkeitsversicherung;Du erleidest bei einem Unfall eine Querschnittslähmung ab der Taille und kannst deinen Beruf nicht mehr ausüben. Mit Berufsunfähigkeitsversicherung erhälst du trotzdem dein Jahresgehalt (brutto). Ab dem neuen Jahr kannst du einen neuen Job beginnen. ;3;;;;1;;;BERUFSUNFÄHIGKEITSVERSICHERUNG;;;;;;;HAS_JOB;;;;;
e103;BILDUNG_UND_KARRIERE;Berufsunfähigkeitsversicherung;Beim Sport verletzt du dich. Mehrere Wirbelbrüche führen dazu, dass du deinen Beruf nicht mehr ausüben kannst. Mit Berufsunfähigkeitsversicherung erhälst du trotzdem dein Jahresgehalt (brutto). Ab dem neuen Jahr kannst du einen neuen Job beginnen. ;3;;;;1;;;BERUFSUNFÄHIGKEITSVERSICHERUNG;;;;;;;HAS_JOB;;;;;e104;BILDUNG_UND_KARRIERE;Berufsunfähigkeitsversicherung;"Du erleidest durch eine Hirnverletzung bleibende Einschränkungen, die eine Berufsausübung unmöglich machen. Mit Berufsunfähigkeitsversicherung erhältst du dein Jahresgehalt (brutto) weiter. Ab dem neuen Jahr kannst du einen neuen Job beginnen.";3;;;;1;;;BERUFSUNFÄHIGKEITSVERSICHERUNG;;;;;;;HAS_JOB;;;;;
e105;BILDUNG_UND_KARRIERE;Berufsunfähigkeitsversicherung;Du erleidest einen schweren Burnout und kannst deinen Beruf nicht mehr ausüben. Mit Berufsunfähigkeitsversicherung erhältst du trotzdem dein Jahresgehalt (brutto). Ab dem neuen Jahr kannst du einen neuen Job beginnen.;3;;;;1;;;BERUFSUNFÄHIGKEITSVERSICHERUNG;;;;;;;HAS_JOB;;;;;
e106;BILDUNG_UND_KARRIERE;Berufsunfähigkeitsversicherung;Eine fortschreitende neurologische Erkrankung wie Parkinson macht eine weitere Berufsausübung unmöglich. Mit Berufsunfähigkeitsversicherung erhälst du trotzdem dein Jahresgehalt (brutto). Ab dem neuen Jahr kannst du einen neuen Job beginnen. ;3;;;;1;;;BERUFSUNFÄHIGKEITSVERSICHERUNG;;;;;;;HAS_JOB;;;;;
e107;BILDUNG_UND_KARRIERE;Haftpflichtversicherung;Du verschüttest Saft auf dem Laptop einer Kollegin, der dadurch unbrauchbar wird. Mit einer abgeschlossenen Haftpflichtversicherung werden die Kosten ersetzt.;1;2;;-1200;;;;HAFTPFLICHTVERSICHERUNG;;;;;;;;;;;;
e108;BILDUNG_UND_KARRIERE;Haftpflichtversicherung;Beim Präsentieren fällt dir ein Beamer vom Tisch, der dabei kaputtgeht und ersetzt werden muss. Mit einer abgeschlossenen Haftpflichtversicherung wird der Schaden übernommen.;1;2;;-900;;;;HAFTPFLICHTVERSICHERUNG;;;;;;;;;;;;
e109;BILDUNG_UND_KARRIERE;Haftpflichtversicherung;Du hast dir für ein Gruppenprojekt ein Tablet ausgeliehen und lässt es versehentlich fallen. Der Bildschirm ist beschädigt. Falls du eine Haftpflichtversicherung hast, übernimmt diese den Schaden.;1;1;;-300;;;;HAFTPFLICHTVERSICHERUNG;;;;;;;;;;;;
e110;BILDUNG_UND_KARRIERE;Haftpflichtversicherung;Du stößt versehentlich einen Monitor in einem Seminarraum um, wodurch das Display springt und der Monitor unbrauchbar wird. Mit einer abgeschlossenen Haftpflichtversicherung wird der Schaden übernommen.;1;1;;-250;;;;HAFTPFLICHTVERSICHERUNG;;;;;;;;;;;;
e111;SOZIALES_UND_FREIZEIT;Haftpflichtversicherung;Beim Fußballspiel trittst du versehentlich einem Mitspieler gegen das Knie. Mit einer abgeschlossenen Haftpflichtversicherung werden die Kosten für Personenschäden übernommen.;1;2;4;-1500;;;;HAFTPFLICHTVERSICHERUNG;;;;;;suf16;;;;;;
e112;SOZIALES_UND_FREIZEIT;Haftpflichtversicherung;Du hilfst beim Umzug und lässt einen Fernseher fallen. Im Falle einer abgeschlossenen Haftpflichtversicherung werden die Kosten für den Schaden übernommen.;1;1;;-800;;;;HAFTPFLICHTVERSICHERUNG;;;;;;;;;;;;
e113;SOZIALES_UND_FREIZEIT;Haftpflichtversicherung;Du wirfst deinen Laptop beim Aufräumen aus Versehen vom Tisch. Die Kosten musst du selbst tragen, denn die Haftpflichtversicherung deckt nur Schäden an Sachen, die dir nicht gehören.;1;3;;-500;;;;;;;;;;;;;;;;
e114;SOZIALES_UND_FREIZEIT;Haftpflichtversicherung;Beim Einkaufen stößt du versehentlich gegen eine teure Vase, die daraufhin zu Bruch geht. Mit abgeschlossener Haftpflichtversicherung werden die entstandenen Sachschäden übernommen.;1;3;;-200;;;;HAFTPFLICHTVERSICHERUNG;;;;;;;;;;;;
e115;SOZIALES_UND_FREIZEIT;Haftpflichtversicherung;"Beim gemeinsamen Klettern verursacht du unabsichtlich einen Unfall, bei dem eine andere Person verletzt wird. Mit abgeschlossener Haftpflichtversicherung werden die entstandenen Personenschäden übernommen.";1;3;;-800;;;;HAFTPFLICHTVERSICHERUNG;;;;;;;;;;;;
e116;SOZIALES_UND_FREIZEIT;Haftpflichtversicherung;"Du lässt beim Spielen mit Freunden versehentlich deren Smartphone fallen und beschädigst es. Mit abgeschlossener Haftpflichtversicherung werden die entstandenen Sachschäden übernommen.";1;3;;-600;;;;HAFTPFLICHTVERSICHERUNG;;;;;;;;;;;;
e117;BILDUNG_UND_KARRIERE;Haftpflichtversicherung;Bei einem Kundentermin stößt du aus Versehen eine teure Kamera vom Tisch. Der Laptop funktioniert nicht mehr. Solltest du eine Haftpflichtversicherung abgeschlossen haben, wird der Schaden übernommen.;2;;;-2800;;;;HAFTPFLICHTVERSICHERUNG;;;;;;;;;;;;
e118;BILDUNG_UND_KARRIERE;Haftpflichtversicherung;Du schließt versehentlich deine Wasserflasche nicht richtig, und der Rucksack deiner Arbeitskollegin mit Laptop wird nass. Der Laptop funktioniert nicht mehr. Im Falle einer abgeschlossenen Haftpflichtversicherung wird der Schaden übernommen.;2;;;-1200;;;;HAFTPFLICHTVERSICHERUNG;;;;;;;;;;;;
e119;BILDUNG_UND_KARRIERE;Haftpflichtversicherung;Du verschüttest Wasser auf die Tastatur deines Kollegen. Die Tastatur funktioniert nicht mehr. Solltest du eine Haftpflichtversicherung abgeschlossen haben, wird der Schaden übernommen.;2;;;-200;;;;HAFTPFLICHTVERSICHERUNG;;;;;;;;;;;;
e120;SOZIALES_UND_FREIZEIT;Haftpflichtversicherung;Du hast deine Waschmaschine falsch angeschlossen und das Parkett in der Mietwohnung damit ruiniert. Im Falle einer abgeschlossenen Haftpflichtversicherung werden die Kosten für den Sachschaden übernommen.;2;;;-6200;;;;HAFTPFLICHTVERSICHERUNG;;;;;;;;;;;;
e121;SOZIALES_UND_FREIZEIT;Haftpflichtversicherung;"Beim Grillen auf dem Balkon deines Mietshauses entsteht Rußschaden an der Fassade.Im Falle einer abgeschlossenen Haftpflichtversicherung werden die Kosten für den Sachschaden übernommen.";2;;;-3000;;;;HAFTPFLICHTVERSICHERUNG;;;;;;;;;;;;
e122;SOZIALES_UND_FREIZEIT;Haftpflichtversicherung;Dein Kleinkind zerkratzt ein parkendes Auto mit einem Stein. Im Falle einer abgeschlossenen Haftpflichtversicherung werden die Kosten für den Sachschaden übernommen.;2;;4;-3800;;;;HAFTPFLICHTVERSICHERUNG;;;;;;;HAS_CHILD;;;;;
e123;SOZIALES_UND_FREIZEIT;Haftpflichtversicherung;Du kippst ein Glas Rotwein auf dem Sofa eines Freundes um. Im Falle einer abgeschlossenen Haftpflichtversicherung werden die Kosten für den Sachschaden übernommen.;2;;;-1500;;;;HAFTPFLICHTVERSICHERUNG;;;;;;;;;;;;
e124;SOZIALES_UND_FREIZEIT;Haftpflichtversicherung;"Beim Spielen auf dem Spielplatz verletzt dein Kind einen anderen spielenden Jungen. Im Falle einer abgeschlossenen Haftpflichtversicherung werden die Kosten für die Behandlung übernommen.";2;;4;-2700;;;;HAFTPFLICHTVERSICHERUNG;;;;;;;HAS_CHILD;;;;;
e125;SOZIALES_UND_FREIZEIT;Haftpflichtversicherung;Beim Sporttraining schießt du versehentlich einen Ball gegen die Fensterfront der Halle. Mit abgeschlossener Haftpflichtversicherung werden die Kosten übernommen.;2;;;-5200;;;;HAFTPFLICHTVERSICHERUNG;;;;;;;;;;;;
e126;SOZIALES_UND_FREIZEIT;Haftpflichtversicherung;Beim Inlineskaten kollidierst du unabsichtlich mit einem Fahrradfahrer, der verletzt wird. Mit abgeschlossener Haftpflichtversicherung werden die Kosten übernommen.;2;;;-2200;;;;HAFTPFLICHTVERSICHERUNG;;;;;;;;;;;;
e127;SOZIALES_UND_FREIZEIT;Haftpflichtversicherung;Beim Besuch im Museum stößt du versehentlich ein wertvolles Kunstobjekt um. Im Falle einer abgeschlossenen Haftpflichtversicherung werden die Kosten für den Sachschaden übernommen.;3;;;-60000;;;;HAFTPFLICHTVERSICHERUNG;;;;;;;;;;;;
e128;SOZIALES_UND_FREIZEIT;Haftpflichtversicherung;Du schließt den Geschirrspüler selbst an, ein Schlauch platzt, und Wasser läuft in die Wohnung darunter. Bei abgeschlossener Haftpflichtversicherung werden die Kosten für den Sachschaden übernommen.;3;;;-25000;;;;HAFTPFLICHTVERSICHERUNG;;;;;;;;;;;;
e129;SOZIALES_UND_FREIZEIT;Haftpflichtversicherung;Du lässt ein Handtuch über einer Stehlampe hängen – es fängt Feuer und beschädigt Teile des Hotelzimmers. Bei abgeschlossener Haftpflichtversicherung werden die Kosten für den Sachschaden übernommen.;3;;;-18000;;;;HAFTPFLICHTVERSICHERUNG;;;;;;;;;;;;
e130;SOZIALES_UND_FREIZEIT;Haftpflichtversicherung;"Beim Volleyball beschädigst du versehentlich die Zahnprothese eines Mitspielers. Im Falle einer abgeschlossenen Haftpflichtversicherung werden die Kosten für den Ersatz übernommen.";3;;4;-12000;;;;HAFTPFLICHTVERSICHERUNG;;;;;;suf3;;;;;;
e131;BILDUNG_UND_KARRIERE;Haftpflichtversicherung;Du verlierst den Schlüssel zum Bürogebäude und die Schließanlage muss ausgetauscht werden. Solltest du eine Haftpflichtversicherung abgeschlossen haben, wird der Schaden übernommen.;3;;;-4500;;;;HAFTPFLICHTVERSICHERUNG;;;;;;;;;;;;
e132;BILDUNG_UND_KARRIERE;Haftpflichtversicherung;Beim Aufbau der Firmenveranstaltung beschädigst du ein Lichtsystem. Solltest du eine Haftpflichtversicherung abgeschlossen haben, wird der Schaden übernommen.;3;;;-4000;;;;HAFTPFLICHTVERSICHERUNG;;;;;;;;;;;;
e133;BILDUNG_UND_KARRIERE;Haftpflichtversicherung;Du lädst versehentlich Schadsoftware per USB-Stick auf einen Arbeitsrechner. Ein Teil des internen Netzwerks fällt aus. Solltest du eine Haftpflichtversicherung abgeschlossen haben, wird der Schaden übernommen.;3;;;5000;;;;HAFTPFLICHTVERSICHERUNG;;;;;;;;;;;;
e134;SOZIALES_UND_FREIZEIT;kein Finanzbericht lesen;Du hast mehr Freizeit, weil du den Börsenbericht nicht mehr liest. Dafür kannst du eine Runde nicht investieren.;1;2;;;;;1;INVESTITIONSSPERRE;;;;;;;;;;;;
e135;SOZIALES_UND_FREIZEIT;KiTa;Du findest einen Platz in einer KiTa für dein Kind und gibst es dort in kompetente Betreuung.;1;3;4;-8000;;;2;;;;;;;;HAS_CHILD;;;;;
e136;SOZIALES_UND_FREIZEIT;BabysitterIn;Du stellst eine Babysitterin ein, damit du mehr Freiraum für dich hast.;1;3;4;-5000;;;1;;;;;;;;HAS_CHILD;;;;;
e137;SOZIALES_UND_FREIZEIT;Arbeitszeitverkürzung;Du spürst, wie sehr dich dein Job mental belastet. Deshalb reduzierst du dieses Jahr deine Arbeitszeit, um Stress vorzubeugen. Dein Bruttogehalt wird entsprechend angepasst.;1;3;;;;;1;GEHALT;50;;;;;;HAS_JOB;;;;;
e138;SOZIALES_UND_FREIZEIT;Familie und Freundschaft;Weil dir Familie und Freundschaft am wichtigsten sind, findest du wenig Zeit für Investitionen und kannst eine Runde nicht investieren.;1;3;;;;;1;INVESTITIONSSPERRE;;;;;;;;;;;;
e139;SOZIALES_UND_FREIZEIT;Sabbatjahr;Für deine Weltreise nimmst du dir ein Sabbatjahr – auch wenn das bedeutet, dieses Jahr kein Gehalt zu bekommen.;2;;;;;;2;JOBVERLUST;;;;;;;HAS_JOB;;;;;
e140;SOZIALES_UND_FREIZEIT;Familie und Freundschaft;Weil dir Familie und Freundschaft am wichtigsten sind, findest du wenig Zeit für Investitionen und kannst eine Runde nicht investieren.;2;;;;;;1;INVESTITIONSSPERRE;;;;;;;;;;;;
e141;SOZIALES_UND_FREIZEIT;Familie und Freundschaft;Weil dir Familie und Freundschaft am wichtigsten sind, findest du wenig Zeit für Investitionen und kannst eine Runde nicht investieren.;3;;;;;;1;INVESTITIONSSPERRE;;;;;;;;;;;;
e142;SOZIALES_UND_FREIZEIT;Hochzeit;Herzlichen Glückwunsch, du findest deine Partnerin fürs Leben. Euer besonderer Tag war ein großer Aufwand, aber mit deiner neu gegründeten Familie erlebst du großes Glück und erfüllte Zeiten.;1;2;10;-15000;;;1;;;;;;;;HAS_NO_CHILD;;;;;
e143;SOZIALES_UND_FREIZEIT;Sprachtandem Erasmus;Du verstehst dich so gut mit deinem Sprachtandem aus dem Erasmus-Programm, dass du beschließt, sein Heimatland zu besuchen. Dabei begegnest du vielen großartigen Menschen.;1;1;4;-1500;;;1;;;;;;;suf9;;;;;;
e144;SOZIALES_UND_FREIZEIT;Rechtsstreit;Die lauten Partys deiner Nachbarin beeinträchtigen dich erheblich, weshalb es zu einem Rechtsstreit kommt. Die daraus resultierenden Gerichtskosten musst du tragen.;1;1;;-800;;;;;;;;;;;;;;;;
e145;SOZIALES_UND_FREIZEIT;Einsatz für Demokratie;Deine Informationsflyer zu demokratischen Werten kommen so gut an, dass du eine weitere Auflage drucken lässt. Die Druckkosten trägst du erneut selbst.;1;2;4;-500;;;1;;;;;;;suf18;;;;;;
e146;SOZIALES_UND_FREIZEIT;Arbeitszeitverkürzung;Dein Job hat dazu geführt, dass du deine Freundschaften vernachlässigt hast. Um das zu ändern, reduzierst du deine Arbeitszeit dieses Jahr  – dein Bruttogehalt sinkt entsprechend.;1;3;;;;;1;GEHALT;80;;;;;;HAS_JOB;;;;;
e147;SOZIALES_UND_FREIZEIT;Lottogewinn;"Herzlichen Glückwunsch! Du hast den Jackpot gewonnen und kannst dich über eine beträchtliche Gewinnsumme freuen.";1;3;;10000;;;;;;;;;;;;;;;;
e148;SOZIALES_UND_FREIZEIT;Private Unfallversicherung;Beim Eislaufen stürzt du und verletzt dir das Handgelenk, weshalb du eine Woche arbeitsunfähig bist. Mit einer privaten Unfallversicherung bekommst du in diesem Fall eine einmalige Invaliditätszahlung.;1;3;;200;;;;PRIVATE_UNFALLVERSICHERUNG;;;;;;;;;;;;
e149;SOZIALES_UND_FREIZEIT;Private Unfallversicherung;Beim Heimwerken verletzt du dir die Hand, was dich dauerhaft einschränkt und zum Jobverlust führt. Im Falle einer abgeschlossenen privaten Unfallversicherung erhälst du einmalig Invaliditätsleistung.;1;3;;6000;1;;;PRIVATE_UNFALLVERSICHERUNG;;;;;;;;;;;;
e150;SOZIALES_UND_FREIZEIT;Geburt;Dein Sohn Tristan ist geboren – herzlichen Glückwunsch! Ab jetzt zahlst du regelmäßig 10 % deines Bruttogehalts (mindestens 1.000 €). Außerdem fallen einmalig Kosten für die Erstausstattung an.;1;3;;-1000;;;2;LEBENSHALTUNGSKOSTEN_MULTIPLIER;10;LEBENSHALTUNGS_MINIMUM;1000;;;;;;;;;
e151;SOZIALES_UND_FREIZEIT;Geburt;Deine Tochter Alisa ist geboren – herzlichen Glückwunsch! Ab jetzt zahlst du regelmäßig 10 % deines Bruttogehalts (mindestens 1.000 €). Außerdem fallen einmalig Kosten für die Erstausstattung an.;1;2;;-1000;;;2;LEBENSHALTUNGSKOSTEN_MULTIPLIER;10;LEBENSHALTUNGS_MINIMUM;1000;;;;;;;;;
e152;SOZIALES_UND_FREIZEIT;Kündigung;Du entscheidest dich, deinen Job zu kündigen und auf Reisen zu gehen, um dich neu zu orientieren. Damit verzichtest du jedoch auch auf dein Gehalt für dieses Jahr.;1;3;;;1;;1;JOBVERLUST;;;;;;;HAS_JOB;;;;;
e153;SOZIALES_UND_FREIZEIT;Geschenk;Deine beste Freundin hat eine Überraschung für dich vorbereitet: ein Wellness-Wochenende in Südtirol.;1;1;;;;;1;;;;;;;;;;;;;
e154;SOZIALES_UND_FREIZEIT;Krankheit;Du erkrankst an einer heftigen Influenza und liegst komplett flach. Du musst eine Runde aussetzen.;1;1;;;;;;AUSSETZEN;;;;;;;;;;;;
e155;SOZIALES_UND_FREIZEIT;Gewinn ;Herzlichen Glückwunsch – du hast bei einer Verlosung ein E-Bike gewonnen! Damit kommst du künftig schneller zu deinen Terminen und kannst deine Freizeit noch entspannter genießen.;1;1;;;;;1;;;;;;;;;;;;;
e156;SOZIALES_UND_FREIZEIT;Soziales Engagement;Dein Chef schätzt dein soziales Engagement sehr. Er unterstützt deine sozialen Projekte von Herzen und gewährt dir Sonderurlaub für das kommende Sommercamp.;1;2;;;;;1;;;;;;;;HAS_JOB;;;;;
e157;SOZIALES_UND_FREIZEIT;Krankheit;Du erkrankst an einer heftigen Influenza und liegst komplett flach. Du musst eine Runde aussetzen.;2;;;;;;;AUSSETZEN;;;;;;;;;;;;
e158;SOZIALES_UND_FREIZEIT;Abbau Überstunden;In den letzten Jahren hast du so fleißig gearbeitet, dass sich viele Überstunden angesammelt haben. Jetzt ist es an der Zeit, diese abzubauen. Du nimmst dir einen Monat frei und reist durch Asien.;1;3;;;;;1;;;;;;;;HAS_JOB;;;;;
e159;SOZIALES_UND_FREIZEIT;Jobverlust;Du hast dich mit deinem Team zerstritten und vereinbarst mit deiner Chefin einen Aufhebungsvertrag. Dadurch verlierst du deinen Job und bist vorerst arbeitslos.;1;3;;;1;;;JOBVERLUST;;;;;;;HAS_JOB;;;;;
e160;SOZIALES_UND_FREIZEIT;Burn-Out;Bei der Verfolgung deines Traums hast du die Pausen ganz vergessen. Um dich wieder zu erholen, gehst du in eine Rehaklinik. Setze eine Runde aus.;1;3;;;;;;AUSSETZEN;;;;;;;;;;;;
e161;SOZIALES_UND_FREIZEIT;Krankheit;Du bekommst eine Magen-Darm-Grippe und kannst für eine Weile nichts essen. Du pausierst, um dich zu erholen, bevor du wieder weitermachen kannst.;1;;;;1;;;AUSSETZEN;;;;;;;;;;;;
e162;SOZIALES_UND_FREIZEIT;Streit mit der Familie ;An Weihnachten hast du dich mit deiner Schwester zerstritten. Nun musst du die Wogen wieder glätten. Das kostet dich Zeit.;1;2;;;-1;;;;;;;;;;;;;;;
e163;SOZIALES_UND_FREIZEIT;Ehrenamtliches Engagement;Dein Einsatz für den Schutz heimischer Bienenpopulation wird von dem deutschen Ehrenamtspreis ausgezeichnet.;1;1;;;;;1;;;;;;;;;;;;;
e164;SOZIALES_UND_FREIZEIT;Vorstandsarbeit in einem Verein;Weil sich leider niemand sonst für den Vorstandsposten im Tennisverein zur Verfügung stellt, übernimmst du das Amt für eine weitere Amtszeit.;1;3;4;;-1;;;;;;;;;suf47;;;;;;
e165;SOZIALES_UND_FREIZEIT;Jobverlust;Du wirst wegen unentschuldigtem Fehlen fristlos gekündigt und bekommst kein Gehalt mehr. Durch die Arbeitslosigkeit gewinnst du jedoch mehr freie Zeit.;1;3;;;1;;;;;;;;;;HAS_JOB;;;;;
e166;SOZIALES_UND_FREIZEIT;Auszeichnung;Herzlichen Glückwunsch zum Preis für Integration! Dein Projekt fördert nachhaltige Inklusion, indem es Jugendliche mit und ohne Beeinträchtigungen durch gemeinschaftlichen Sport zusammenbringt.;1;3;;;;;1;;;;;;;;;;;;;
e167;SOZIALES_UND_FREIZEIT;Besuch Internat;Dein Kind wünscht sich den Besuch eines privaten Sportinternats. Das verursacht hohe Ausgaben, verschafft dir aber auch wertvolle neue Kontakte zu anderen Eltern.;2;;4;-30000;;;1;;;;;;;;HAS_CHILD;;;;;
e168;SOZIALES_UND_FREIZEIT;Private Nachhilfe;Um ihre schulischen Leistungen zu steigern, besucht dein Kind privaten Nachhilfeunterricht.;2;;4;-28000;;;1;;;;;;;;HAS_CHILD;;;;;
e169;SOZIALES_UND_FREIZEIT;Hochzeit;Herzlichen Glückwunsch, du findest deine Partnerin fürs Leben. Euer besonderer Tag war ein großer Aufwand, aber mit deiner neu gegründeten Familie erlebst du großes Glück und erfüllte Zeiten.;2;;10;-25000;;;1;;;;;;;;HAS_NO_CHILD;;;;;
e170;SOZIALES_UND_FREIZEIT;Bauernhof-KiTa;In der Bauernhof-Kita ist wieder Platz. Dein Kind wird liebevoll von qualifiziertem Personal begleitet und erlebt naturnahes Lernen, das Umweltbewusstsein, Bewegung und nachhaltige Werte fördert.;2;;;-9500;;;1;;;;;;;;;;;;;
e171;SOZIALES_UND_FREIZEIT;Rechtsstreit;Die lauten Partys deiner Nachbarin beeinträchtigen dich erheblich, weshalb es zu einem Rechtsstreit kommt. Die daraus resultierenden Gerichtskosten musst du tragen.;2;;;-2000;;;;;;;;;;;;;;;;
e172;SOZIALES_UND_FREIZEIT;Einsatz für Demokratie;Deine Informationsflyer zu demokratischen Werten kommen so gut an, dass du eine weitere Auflage drucken lässt. Die Druckkosten trägst du erneut selbst.;2;;4;-1000;;;1;;;;;;;suf152;;;;;;
e173;SOZIALES_UND_FREIZEIT;Private Unfallversicherung;Beim Sportklettern stürzt du und brichst dir den Arm mehrfach. Im Falle einer abgeschlossenen privaten Unfallversicherung erhältst du eine einmalige Invaliditätsleistung.;2;;;8500;;;;PRIVATE_UNFALLVERSICHERUNG;;;;;;;;;;;;
e174;SOZIALES_UND_FREIZEIT;Private Unfallversicherung;Du stürzt beim Inlineskaten und hast einen komplizierten Bruch. Im Falle einer abgeschlossenen privaten Unfallversicherung erhältst du eine einmalige Invaliditätsleistung.;2;;;9000;;;;PRIVATE_UNFALLVERSICHERUNG;;;;;;;;;;;;
e175;SOZIALES_UND_FREIZEIT;Arbeitszeitverkürzung;Um deinen Alltag zu entschleunigen und mehr Zeit zum Kochen, für Freunde und für die Natur zu haben, arbeitest du dieses Jahr nicht in Vollzeit. Dein Bruttogehalt sinkt entsprechend.;2;;;;;;1;GEHALT;60;;;;;;HAS_JOB;;;;;
e176;SOZIALES_UND_FREIZEIT;Ehrenamtliches Engagement;Du verringerst dieses Jahr deine Arbeitszeit, um dich beim Aufbau eines Obdachlosenheims zu beteiligen. Dein Gehalt wird entsprechend angepasst.;2;;;;;;1;GEHALT;90;;;;;;HAS_JOB;;;;;
e177;SOZIALES_UND_FREIZEIT;Reduzierung Arbeitszeit;Ein neues Tier zieht bei dir ein und braucht viel Aufmerksamkeit. Du reduzierst deine Arbeitszeit, dein Gehalt verringert sich entsprechend.;2;;;;;;1;GEHALT;80;;;;;;HAS_JOB;;;;;
e178;SOZIALES_UND_FREIZEIT;Kinderbetreuung;Wegen aggressivem Verhalten ist dein Kind vorübergehend aus dem Kindergarten ausgeschlossen. Du betreust es selbst und arbeitest weniger, dein Gehalt sinkt.;2;;4;;;;1;GEHALT;75;;;;;;HAS_JOB;HAS_CHILD;;;;
e179;SOZIALES_UND_FREIZEIT;Reduzierung Arbeitszeit;Du betreust parallel deine Kinder und deine Eltern. Deshalb verringerst du deine Arbeitszeit, was sich auch auf dein Gehalt auswirkt.;2;;4;;;;1;GEHALT;70;;;;;;HAS_JOB;HAS_CHILD;;;;
e180;SOZIALES_UND_FREIZEIT;persönliche Assistentin;Du stellst eine persönliche Assistentin ein, die dich nachhaltig bei deinen beruflichen Aufgaben unterstützt. Du investierst in diese Rolle, um Arbeit und Effizienz langfristig zu verbessern.;2;;;;;;1;GEHALT;70;;;;;;HAS_JOB;;;;;
e181;SOZIALES_UND_FREIZEIT;Reduzierung Arbeitszeit;Ein Familienmitglied benötigt mehr Unterstützung im Alltag. Du übernimmst einen Teil der Pflege und reduzierst deshalb deine Arbeitszeit. Dein Gehalt wird dementsprechend angepasst.;2;;;;;;1;GEHALT;60;;;;;;HAS_JOB;;;;;
e182;SOZIALES_UND_FREIZEIT;Lottogewinn;Herzlichen Glückwunsch zum Lottogewinn! Du darfst dich über eine hohe Gewinnsumme freuen.;2;;;40000;;;;;;;;;;;;;;;;
e183;SOZIALES_UND_FREIZEIT;Auszeichnung;Du setzt dich für sozial benachteiligte Menschen mit Beeinträchtigung ein und unterstützt ihre Teilhabe am gesellschaftlichen Leben. Dafür bekommst du eine Auszeichnung.;2;;;50000;;;;;;;;;;;;;;;;
e184;SOZIALES_UND_FREIZEIT;Geburt;Dein Sohn Liam ist geboren – herzlichen Glückwunsch! Ab jetzt zahlst du regelmäßig 10 % deines Bruttogehalts (mindestens 1.000 €). Außerdem fallen einmalig Kosten für die Erstausstattung an.;2;;;-1000;;;2;LEBENSHALTUNGSKOSTEN_MULTIPLIER;10;LEBENSHALTUNGS_MINIMUM;1000;;;;;;;;;
e185;SOZIALES_UND_FREIZEIT;Geburt;Dein Sohn Ali ist geboren – herzlichen Glückwunsch! Ab jetzt zahlst du regelmäßig 10 % deines Bruttogehalts (mindestens 1.000 €). Außerdem fallen einmalig Kosten für die Erstausstattung an.;2;;;-1000;;;2;LEBENSHALTUNGSKOSTEN_MULTIPLIER;10;LEBENSHALTUNGS_MINIMUM;1000;;;;;;;;;
e186;SOZIALES_UND_FREIZEIT;Beziehungskrise;Du nimmst eine Paartherapie in Anspruch, um deine Beziehung zu retten – was bei den Obamas erfolgreich war, kann auch euch unterstützen. Allerdings bleibt dir dadurch vorerst weniger Zeit.;2;;4;;-1;;;;;;;;;e169;;;;;;
e187;SOZIALES_UND_FREIZEIT;Sucht;Du verbringst bei Treffen mit Freundinnen viel Zeit am Handy. Das stört sie und führt dazu, dass du immer mehr ausgegrenzt wirst. Die alten Freundschaften wiederherzustellen, braucht Zeit.;2;;;;-1;;;;;;;;;;;;;;;
e188;SOZIALES_UND_FREIZEIT;Trennung;Deine Partnerin beendet die Beziehung mit dir. Du fällst tief in ein Loch. Du musst eine Runde aussetzen.;2;;;;;;;AUSSETZEN;;;;;;e142;;;;;;
e189;SOZIALES_UND_FREIZEIT;Familie und Freundschaft;Aufgrund deines Jobs hast du deine Freundschaften nicht gepflegt. Das musst du dringend ändern!;2;;;;-1;;;;;;;;;;HAS_JOB;;;;;
e190;SOZIALES_UND_FREIZEIT;Sabbatjahr;Für deine Weltreise nimmst du dir ein Sabbatjahr – auch wenn das bedeutet, dieses Jahr kein Gehalt zu bekommen.;2;;;;;;2;GEHALT;0;;;;;;HAS_JOB;;;;;
e191;SOZIALES_UND_FREIZEIT;Geschenk;Deine beste Freundin organisiert eine Überraschung und schenkt dir ein Wellness-Wochenende in Südtirol.;2;;;;;;1;;;;;;;;;;;;;
e192;SOZIALES_UND_FREIZEIT;Burn-Out;Bei der Verfolgung deines Traums hast du die Pausen ganz vergessen. Um dich wieder zu erholen, gehst du in eine Rehaklinik. Setze eine Runde aus.;2;;;;;;;AUSSETZEN;;;;;;;;;;;;
e193;SOZIALES_UND_FREIZEIT;Geburtstagsparty;Du organisierst eine Geburtstagsparty für Freunde und Familie. Das kostet dich viel Zeit.;2;;;;-1;;;;;;;;;;;;;;;
e194;SOZIALES_UND_FREIZEIT;Streit mit der Familie ;An Weihnachten gab es Streit mit deiner Schwester. Jetzt solltest du versuchen, die Beziehung wieder zu verbessern.;2;;;;-1;;;;;;;;;;;;;;;
e195;SOZIALES_UND_FREIZEIT;Gewinn;Herzlichen Glückwunsch! Du hast bei einer Verlosung einen E-Roller gewonnen. Damit bist du schneller bei Terminen und kannst deine Freizeit ausgiebig genießen.;2;;;;;;1;;;;;;;;;;;;;
e196;SOZIALES_UND_FREIZEIT;Krankheit;Du erkrankst an einer Herzmuskelentzündung und liegst komplett flach. Du musst eine Runde aussetzen.;2;;;;;;;AUSSETZEN;;;;;;;;;;;;
e197;SOZIALES_UND_FREIZEIT;Kündigung;Du kündigst deinen Job, um auf Reisen neue Wege zu entdecken – dadurch entfällt aber auch dein Einkommen.;2;;;;1;;;JOBVERLUST;;;;;;;HAS_JOB;;;;;
e198;SOZIALES_UND_FREIZEIT;Abbau Überstunden;Nach Jahren voller Überstunden gönnst du dir bewusst eine Auszeit und nutzt einen Monat für eine Reise durch Asien, um neue Energie zu tanken und deine Work-Life-Balance nachhaltig zu stärken.;2;;;;;;1;;;;;;;;;;;;;
e199;SOZIALES_UND_FREIZEIT;Jobverlust;Du wirst wegen unentschuldigtem Fehlen fristlos gekündigt und verlierst dadurch dein Einkommen. Deine Arbeitslosigkeit verschafft dir nun mehr freie Zeit.;2;;;;1;;;JOBVERLUST;;;;;;;HAS_JOB;;;;;
e200;SOZIALES_UND_FREIZEIT;Jobverlust;Du hast dich mit deinem Team zerstritten und dich mit deiner Chefin auf einen Aufhebungsvertrag geeinigt. Damit verlierst du deinen aktuellen Job und bist zunächst arbeitslos.;2;;;;1;;;JOBVERLUST;;;;;;;HAS_JOB;;;;;
e201;SOZIALES_UND_FREIZEIT;Krankheit;Du erkrankst an einer Herzmuskelentzündung und liegst komplett flach. Du musst eine Runde aussetzen.;3;;;;;;;AUSSETZEN;;;;;;;;;;;;
e202;SOZIALES_UND_FREIZEIT;Krankheit;Dein Kind hat Windpocken. Du musst eine Runde aussetzen.;2;;;;;;;AUSSETZEN;;;;;;;HAS_CHILD;;;;;
e203;SOZIALES_UND_FREIZEIT;Krankheit;Dein Kind hat Läuse. Du musst eine Runde aussetzen.;3;;;;;;;AUSSETZEN;;;;;;;HAS_CHILD;;;;;
e204;SOZIALES_UND_FREIZEIT;Auszeichnung;Glückwunsch zum Preis für dein soziales Engagement! Durch deinen Einsatz im Flüchtlingszentrum hast du zahlreichen Menschen geholfen, sich rasch zu integrieren.;2;;;;;;1;;;;;;;;;;;;;
e205;SOZIALES_UND_FREIZEIT;soziales Engagement;Dein Chef schätzt dein soziales Engagement sehr und unterstützt deine Projekte gerne. Für das nächste Sommercamp erhältst du sofort Sonderurlaub.;2;;;;;;1;;;;;;;;;;;;;
e206;SOZIALES_UND_FREIZEIT;Vorstandsarbeit in einem Verein;Da sich niemand für deinen Vorstandsposten im Tennisverein findet, übernimmst du das Amt für eine weitere Periode.;2;;5;;-1;;;;;;;;;suf100;;;;;;
e207;SOZIALES_UND_FREIZEIT;Haftpflichtversicherung;Beim Besuch im Museum stößt du versehentlich ein wertvolles Kunstobjekt um. Im Falle einer abgeschlossenen Haftpflichtversicherung werden die Kosten für den Sachschaden übernommen.;3;;;-60000;;;;HAFTPFLICHTVERSICHERUNG;;;;;;;;;;;;
e208;SOZIALES_UND_FREIZEIT;Besuch Internat;Dein Kind wünscht sich den Besuch eines privaten Sportinternats. Das verursacht hohe Ausgaben, verschafft dir aber auch wertvolle neue Kontakte zu anderen Eltern.;3;;4;-50000;;;1;;;;;;;;HAS_CHILD;;;;;
e209;SOZIALES_UND_FREIZEIT;Hochzeit;Herzlichen Glückwunsch, du findest deine Partnerin fürs Leben. Euer besonderer Tag war ein großer Aufwand, aber mit deiner neu gegründeten Familie erlebst du großes Glück und erfüllte Zeiten.;3;;10;-35000;;;1;;;;;;;;HAS_NO_CHILD;;;;;
e210;SOZIALES_UND_FREIZEIT;Haftpflichtversicherung;Du schließt den Geschirrspüler selbst an, ein Schlauch platzt, und Wasser läuft in die Wohnung darunter. Bei abgeschlossener Haftpflichtversicherung werden die Kosten für den Sachschaden übernommen.;3;;;-25000;;;;HAFTPFLICHTVERSICHERUNG;;;;;;;;;;;;
e211;SOZIALES_UND_FREIZEIT;Ferienlager in Übersee;Du meldest dein Kind für ein Ferienlager im Ausland an. Die Reisekosten sind zwar hoch, aber du hast dadurch auch einmal Zeit für dich.;3;;4;-24500;;;1;;;;;;;;HAS_CHILD;;;;;
e212;SOZIALES_UND_FREIZEIT;Haftpflichtversicherung;Du lässt ein Handtuch über einer Stehlampe hängen – es fängt Feuer und beschädigt Teile des Hotelzimmers. Bei abgeschlossener Haftpflichtversicherung werden die Kosten für den Sachschaden übernommen.;3;;;-18000;;;;HAFTPFLICHTVERSICHERUNG;;;;;;;;;;;;
e213;SOZIALES_UND_FREIZEIT;Haftpflichtversicherung;"Beim Volleyball beschädigst du versehentlich die Zahnprothese eines Mitspielers. Im Falle einer abgeschlossenen Haftpflichtversicherung werden die Kosten für den Ersatz übernommen.";3;;4;-12000;;;;HAFTPFLICHTVERSICHERUNG;;;;;;suf3;;;;;;
e214;SOZIALES_UND_FREIZEIT;Rechtsstreit;Die lauten Partys deiner Nachbarin beeinträchtigen dich erheblich, weshalb es zu einem Rechtsstreit kommt. Die daraus resultierenden Gerichtskosten musst du tragen.;3;;;-5000;;;;;;;;;;;;;;;;
e215;SOZIALES_UND_FREIZEIT;Einsatz für Demokratie;Deine Informationsflyer zu demokratischen Werten kommen so gut an, dass du eine weitere Auflage drucken lässt. Die Druckkosten trägst du erneut selbst.;3;;4;-2000;;;1;;;;;;;suf153;;;;;;
e216;SOZIALES_UND_FREIZEIT;Private Unfallversicherung;Beim Streichen der Wände fällst du von der Leiter und brichst dir die Schulter. Im Falle einer abgeschlossenen privaten Unfallversicherung erhältst du eine einmalige Invaliditätsleistung.;3;;;5500;;;;PRIVATE_UNFALLVERSICHERUNG;;;;;;;;;;;;
e217;SOZIALES_UND_FREIZEIT;Private Unfallversicherung;Beim Reinigen der Dachrinne fällst du auf den Rücken und brichst mehrere Wirbel. Bei privater Unfallversicherung bekommst du eine einmalige Invaliditätsleistung.;3;;;10000;;;;PRIVATE_UNFALLVERSICHERUNG;;;;;;;;;;;;
e218;SOZIALES_UND_FREIZEIT;Auszeichnung;Weil du dich für sozial benachteiligte Menschen mit Beeinträchtigung engagierst und ihre gesellschaftliche Teilhabe förderst, wirst du mit einer bedeutenden Auszeichnung mit hoher Gewinnsumme geehrt.;3;;;60000;;;;;;;;;;;;;;;;
e219;SOZIALES_UND_FREIZEIT;Arbeitszeitverkürzung;Du kümmerst dich gleichzeitig um deine Kinder und deine Eltern. Um allen gerecht zu werden, reduzierst du dieses Jahr deine Arbeitszeit. Dein Bruttogehalt wird entsprechend angepasst.;3;;4;;;;1;GEHALT;80;;;;;;HAS_JOB;HAS_CHILD;;;;
e220;SOZIALES_UND_FREIZEIT;Reduzierung Arbeitszeit;Du planst eine mehrmonatige Reise durch Südamerika und reduzierst dafür dieses Jahr deine Arbeitszeit. Dein Gehalt wird entsprechend angepasst.;3;;;;;;1;GEHALT;80;;;;;;;HAS_JOB;;;;
e221;SOZIALES_UND_FREIZEIT;Kinderbetreuung;Dein Kind darf wegen aggressiven Verhaltens vorläufig nicht in den Kindergarten. Du betreust es selbst und reduzierst deine Arbeitszeit. Dein Gehalt passt sich an.;3;;4;;;;1;GEHALT;75;;;;;;;HAS_CHILD;;;;
e222;SOZIALES_UND_FREIZEIT;Arbeitszeitverkürzung;Du kümmerst dich um ein Familienmitglied, das mehr Unterstützung braucht, und reduzierst für dieses Jahr deine Arbeitszeit. Dein Bruttogehalt passt sich entsprechend an.;3;;;;;;1;GEHALT;70;;;;;;;HAS_JOB;;;;
e223;SOZIALES_UND_FREIZEIT;Reduzierung Arbeitszeit;Du nimmst dir bewusst Zeit für dein kreatives Projekt – egal ob Malen, Schreiben oder Musik. Deshalb reduzierst du deine Arbeitszeit. Dein Gehalt wird entsprechend angepasst.;3;;;;;;1;GEHALT;70;;;;;;;HAS_JOB;;;;
e224;SOZIALES_UND_FREIZEIT;Reduzierung Arbeitszeit;Ein Familienmitglied benötigt mehr Unterstützung im Alltag. Du übernimmst einen Teil der Pflege und reduzierst deshalb deine Arbeitszeit. Dein Gehalt wird dementsprechend angepasst.;3;;;;;;1;GEHALT;60;;;;;;;HAS_JOB;;;;
e225;SOZIALES_UND_FREIZEIT;Lottogewinn;"Glückwunsch! Du hast beim Roulette den Jackpot geknackt und eine saftige Gewinnsumme erhalten. Jetzt kannst du dir große Wünsche erfüllen oder ordentlich feiern.";3;;;60000;;;;;;;;;;;;;;;;
e226;SOZIALES_UND_FREIZEIT;Geburt;Deine Tochter Elif ist geboren – herzlichen Glückwunsch! Ab jetzt zahlst du regelmäßig 10 % deines Bruttogehalts (mindestens 1.000 €). Außerdem fallen einmalig Kosten für die Erstausstattung an.;3;;;-1000;;;2;LEBENSHALTUNGSKOSTEN_MULTIPLIER;10;LEBENSHALTUNGS_MINIMUM;1000;;;;;;;;;
e227;SOZIALES_UND_FREIZEIT;Geburt;Deine Tochter Sophie ist geboren – herzlichen Glückwunsch! Ab jetzt zahlst du regelmäßig 10 % deines Bruttogehalts (mindestens 1.000 €). Außerdem fallen einmalig Kosten für die Erstausstattung an.;3;;;-1000;;;2;LEBENSHALTUNGSKOSTEN_MULTIPLIER;10;LEBENSHALTUNGS_MINIMUM;1000;;;;;;;;;
e228;SOZIALES_UND_FREIZEIT;Sucht;Du fotografierst bei Treffen ständig und teilst alles sofort auf Instagram. Das stört deine Freunde, da es dir wichtiger scheint als der Moment. Das Posten raubt dir zudem viel Zeit.;3;;;;-1;;;;;;;;;;;;;;;
e229;SOZIALES_UND_FREIZEIT;Trennung;Deine Partnerin beendet die Beziehung mit dir. Du fällst tief in ein Loch. Du musst eine Runde aussetzen.;3;;;;;;;AUSSETZEN;;;;;;;;;;;;
e230;SOZIALES_UND_FREIZEIT;Sabbatjahr;Für deine Weltreise nimmst du dir ein Sabbatjahr – auch wenn das bedeutet, dieses Jahr kein Gehalt zu bekommen.;3;;;;;;2;GEHALT;0;;;;;;;HAS_JOB;;;;
e231;SOZIALES_UND_FREIZEIT;Flow;Dir geht gerade alles leicht von der Hand. ;3;;;;1;;;;;;;;;;;;;;;
e232;SOZIALES_UND_FREIZEIT;Geschenk;Dein Partner bereitet eine Überraschung vor und entführt dich auf eine traumhafte Kreuzfahrt durch die Karibik.;3;;;;;;1;;;;;;;;;;;;;
e233;SOZIALES_UND_FREIZEIT;Burn-Out;Bei der Verfolgung deines Traums hast du die Pausen ganz vergessen. Um dich wieder zu erholen, gehst du in eine Rehaklinik. Setze eine Runde aus.;3;;;;;;;AUSSETZEN;;;;;;;;;;;;
e234;SOZIALES_UND_FREIZEIT;Streit mit der Familie ;An Weihnachten gab es Streit mit deiner Schwester. Jetzt solltest du versuchen, die Beziehung wieder zu verbessern.;3;;;;-1;;;;;;;;;;;;;;;
e235;SOZIALES_UND_FREIZEIT;Krankheit;Du musst dich einer dringenden Operation unterziehen und liegst komplett flach. Du musst eine Runde aussetzen.;3;;;;;;;AUSSETZEN;;;;;;;;;;;;
e236;SOZIALES_UND_FREIZEIT;Chauffeurdienst;Herzlichen Glückwunsch! Du hast bei einer Verlosung einen einjährigen Chauffeurdienst gewonnen. Dadurch bist du schneller bei Terminen und kannst deine Freizeit mehr genießen.;3;;;;;;1;;;;;;;;;;;;;
e237;SOZIALES_UND_FREIZEIT;Familie und Freundschaft;Aufgrund deines Jobs hast du deine Freundschaften nicht gepflegt. Das musst du dringend ändern!;3;;;;-1;;;;;;;;;;HAS_JOB;;;;;
e238;SOZIALES_UND_FREIZEIT;Geburtstagsparty;Du organisierst eine Geburtstagsparty für Freunde und Familie. Das kostet dich viel Zeit.;3;;;;-1;;;;;;;;;;;;;;;
e239;SOZIALES_UND_FREIZEIT;Kündigung;Du kündigst deinen Job, um auf Reisen neue Wege zu entdecken – dadurch entfällt aber auch dein Einkommen.;3;;;;1;;;JOBVERLUST;;;;;;;HAS_JOB;;;;;
e240;SOZIALES_UND_FREIZEIT;Abbau Überstunden;Nach Jahren voller Überstunden gönnst du dir bewusst eine Auszeit und nutzt einen Monat für eine Reise durch Asien, um neue Energie zu tanken und deine Work-Life-Balance nachhaltig zu stärken.;3;;;;;;1;;;;;;;;;;;;;
e241;SOZIALES_UND_FREIZEIT;Jobverlust;Du wirst wegen unentschuldigtem Fehlen fristlos gekündigt und bekommst kein Gehalt mehr. Durch die Arbeitslosigkeit gewinnst du jedoch mehr freie Zeit.;3;;;;1;;;JOBVERLUST;;;;;;;HAS_JOB;;;;;
e242;SOZIALES_UND_FREIZEIT;Kündigung;Du hast dich mit deinem Team zerstritten und dich mit deiner Chefin auf einen Aufhebungsvertrag geeinigt. Damit verlierst du deinen aktuellen Job und bist zunächst arbeitslos.;3;;;;1;;;JOBVERLUST;;;;;;;HAS_JOB;;;;;
e243;SOZIALES_UND_FREIZEIT;Auszeichnung;Herzlichen Glückwunsch! Du gewinnst den Preis für Integration. Mit deinem Projekt „Bienen in Schulen“ hast du viele Bienenhotels gebaut und Kindern die Bedeutung der Bienen erklärt.;3;;;;;;1;;;;;;;;;;;;;
e244;SOZIALES_UND_FREIZEIT;soziales Engagement;Dein Chef schätzt dein soziales Engagement sehr und unterstützt deine Projekte gerne. Für das nächste Sommercamp erhältst du sofort Sonderurlaub.;3;;;;;;1;;;;;;;;;;;;;
e245;SOZIALES_UND_FREIZEIT;Vorstandsarbeit in einem Verein;Da sich niemand für deinen Vorstandsposten im Tennisverein findet, übernimmst du das Amt für eine weitere Periode.;3;;4;;-1;;;;;;;;;suf151;;;;;;
e246;SOZIALES_UND_FREIZEIT;Flow;Dir geht gerade alles leicht von der Hand. ;2;;;;1;;;;;;;;;;;;;;;
e247;SOZIALES_UND_FREIZEIT;Flow;Dir geht gerade alles leicht von der Hand. ;1;3;;;1;;;;;;;;;;;;;;;
e248;SOZIALES_UND_FREIZEIT;Beziehungskrise;Du nimmst eine Paartherapie in Anspruch, um deine Beziehung zu retten – was bei den Obamas erfolgreich war, kann auch euch unterstützen. Allerdings bleibt dir dadurch vorerst weniger Zeit.;3;;4;;-1;;;;;;;;;e209;;;;;;
e249;SOZIALES_UND_FREIZEIT;kein Finanzbericht lesen;Du hast mehr Freizeit, weil du den Börsenbericht nicht mehr liest. Dafür kannst du eine Runde nicht investieren.;1;2;;;;;1;INVESTITIONSSPERRE;;;;;;;;;;;;
e250;SOZIALES_UND_FREIZEIT;kein Finanzbericht lesen;Du hast mehr Freizeit, weil du den Börsenbericht nicht mehr liest. Dafür kannst du eine Runde nicht investieren.;1;2;;;;;1;INVESTITIONSSPERRE;;;;;;;;;;;;
